<?xml version="1.0" encoding="UTF-8" ?>
<!-- This is a WordPress eXtended RSS file generated by WordPress as an export of your site. -->
<!-- It contains information about your site's posts, pages, comments, categories, and other content. -->
<!-- You may use this file to transfer that content from one site to another. -->
<!-- This file is not intended to serve as a complete backup of your site. -->

<!-- To import this information into a WordPress site follow these steps: -->
<!-- 1. Log in to that site as an administrator. -->
<!-- 2. Go to Tools: Import in the WordPress admin panel. -->
<!-- 3. Install the "WordPress" importer from the list. -->
<!-- 4. Activate & Run Importer. -->
<!-- 5. Upload this file using the form provided on that page. -->
<!-- 6. You will first be asked to map the authors in this export file to users -->
<!--    on the site. For each author, you may choose to map to an -->
<!--    existing user on the site or to create a new user. -->
<!-- 7. WordPress will then import each of the posts, pages, comments, categories, etc. -->
<!--    contained in this file into your site. -->

<!-- generator="WordPress.com" created="2019-04-18 16:11"-->
<rss version="2.0"
	xmlns:excerpt="http://wordpress.org/export/1.2/excerpt/"
	xmlns:content="http://purl.org/rss/1.0/modules/content/"
	xmlns:wfw="http://wellformedweb.org/CommentAPI/"
	xmlns:dc="http://purl.org/dc/elements/1.1/"
	xmlns:wp="http://wordpress.org/export/1.2/"
>

<channel>
	<title>E-life</title>
	<link>https://elifesdmit.wordpress.com</link>
	<description>by SDMITians</description>
	<pubDate>Thu, 18 Apr 2019 16:11:55 +0000</pubDate>
	<language></language>
	<wp:wxr_version>1.2</wp:wxr_version>
	<wp:base_site_url>http://wordpress.com/</wp:base_site_url>
	<wp:base_blog_url>https://elifesdmit.wordpress.com</wp:base_blog_url>

	<wp:author><wp:author_id>112257968</wp:author_id><wp:author_login><![CDATA[anudeepnrao]]></wp:author_login><wp:author_email><![CDATA[anudeeprrrr.kv@gmail.com]]></wp:author_email><wp:author_display_name><![CDATA[anudeepnrao]]></wp:author_display_name><wp:author_first_name><![CDATA[Anudeep N]]></wp:author_first_name><wp:author_last_name><![CDATA[Rao]]></wp:author_last_name></wp:author>

	<wp:category><wp:term_id>1</wp:term_id><wp:category_nicename>uncategorized</wp:category_nicename><wp:category_parent></wp:category_parent><wp:cat_name><![CDATA[Uncategorized]]></wp:cat_name>
</wp:category>
	<wp:term><wp:term_id>1357</wp:term_id><wp:term_taxonomy>nav_menu</wp:term_taxonomy><wp:term_slug><![CDATA[primary]]></wp:term_slug><wp:term_name><![CDATA[Primary]]></wp:term_name>
</wp:term>
	<wp:term><wp:term_id>1358</wp:term_id><wp:term_taxonomy>nav_menu</wp:term_taxonomy><wp:term_slug><![CDATA[social-links]]></wp:term_slug><wp:term_name><![CDATA[Social Links]]></wp:term_name>
</wp:term>

	<generator>http://wordpress.com/</generator>
<image>
		<url>http://s0.wp.com/i/buttonw-com.png</url>
		<title>E-life</title>
		<link>https://elifesdmit.wordpress.com</link>
	</image>
		
	<item>
		<title>About</title>
		<link>https://elifesdmit.wordpress.com/about/</link>
		<pubDate>Thu, 13 Apr 2017 11:31:18 +0000</pubDate>
		<dc:creator>anudeepnrao</dc:creator>
		<guid isPermaLink="false">https://elifesdmit.wordpress.com/?page_id=2</guid>
		<description></description>
		<content:encoded><![CDATA[&nbsp;

<strong>E-Life</strong> is an initiative of <strong>SDMIT Media Club</strong> under the umbrella of <strong>Department of Electronics and Communications , SDMIT Ujire</strong>.

<strong>AIM</strong> : To spread the knowledge and the information on current happenings in and around <strong>SDMIT</strong>.]]></content:encoded>
		<excerpt:encoded><![CDATA[This is just a short excerpt for the about&nbsp;page.]]></excerpt:encoded>
		<wp:post_id>2</wp:post_id>
		<wp:post_date>2017-04-13 11:31:18</wp:post_date>
		<wp:post_date_gmt>2017-04-13 11:31:18</wp:post_date_gmt>
		<wp:comment_status>closed</wp:comment_status>
		<wp:ping_status>open</wp:ping_status>
		<wp:post_name>about</wp:post_name>
		<wp:status>publish</wp:status>
		<wp:post_parent>0</wp:post_parent>
		<wp:menu_order>1</wp:menu_order>
		<wp:post_type>page</wp:post_type>
		<wp:post_password></wp:post_password>
		<wp:is_sticky>0</wp:is_sticky>
		<wp:postmeta>
			<wp:meta_key>sharing_disabled</wp:meta_key>
			<wp:meta_value><![CDATA[a:1:{i:0;i:1;}]]></wp:meta_value>
		</wp:postmeta>
		<wp:postmeta>
			<wp:meta_key>geo_latitude</wp:meta_key>
			<wp:meta_value><![CDATA[12.9895453]]></wp:meta_value>
		</wp:postmeta>
		<wp:postmeta>
			<wp:meta_key>_publicize_pending</wp:meta_key>
			<wp:meta_value><![CDATA[1]]></wp:meta_value>
		</wp:postmeta>
		<wp:postmeta>
			<wp:meta_key>geo_longitude</wp:meta_key>
			<wp:meta_value><![CDATA[75.34062949999999]]></wp:meta_value>
		</wp:postmeta>
	</item>
	<item>
		<title>Contact us</title>
		<link>https://elifesdmit.wordpress.com/contact/</link>
		<pubDate>Thu, 13 Apr 2017 11:31:17 +0000</pubDate>
		<dc:creator>anudeepnrao</dc:creator>
		<guid isPermaLink="false">https://elifesdmit.wordpress.com/?page_id=3</guid>
		<description></description>
		<content:encoded><![CDATA[[contact-form][contact-field label="Name" type="name" required="1" /][contact-field label="Email" type="email" required="1" /][contact-field label="Website" type="url" /][contact-field label="Comment" type="textarea" required="1" /][contact-field label="Contact number" type="text" /][/contact-form]]]></content:encoded>
		<excerpt:encoded><![CDATA[This is just a short excerpt for the contact&nbsp;page.]]></excerpt:encoded>
		<wp:post_id>3</wp:post_id>
		<wp:post_date>2017-04-13 11:31:17</wp:post_date>
		<wp:post_date_gmt>2017-04-13 11:31:17</wp:post_date_gmt>
		<wp:comment_status>closed</wp:comment_status>
		<wp:ping_status>closed</wp:ping_status>
		<wp:post_name>contact</wp:post_name>
		<wp:status>publish</wp:status>
		<wp:post_parent>0</wp:post_parent>
		<wp:menu_order>2</wp:menu_order>
		<wp:post_type>page</wp:post_type>
		<wp:post_password></wp:post_password>
		<wp:is_sticky>0</wp:is_sticky>
		<wp:postmeta>
			<wp:meta_key>sharing_disabled</wp:meta_key>
			<wp:meta_value><![CDATA[a:1:{i:0;i:1;}]]></wp:meta_value>
		</wp:postmeta>
		<wp:postmeta>
			<wp:meta_key>_publicize_pending</wp:meta_key>
			<wp:meta_value><![CDATA[1]]></wp:meta_value>
		</wp:postmeta>
		<wp:postmeta>
			<wp:meta_key>_g_feedback_shortcode</wp:meta_key>
			<wp:meta_value><![CDATA[[contact-field label="Name" type="name" required="1" /][contact-field label="Email" type="email" required="1" /][contact-field label="Website" type="url" /][contact-field label="Comment" type="textarea" required="1" /][contact-field label="Contact number" type="text" /]]]></wp:meta_value>
		</wp:postmeta>
		<wp:postmeta>
			<wp:meta_key>_rest_api_published</wp:meta_key>
			<wp:meta_value><![CDATA[1]]></wp:meta_value>
		</wp:postmeta>
		<wp:postmeta>
			<wp:meta_key>_rest_api_client_id</wp:meta_key>
			<wp:meta_value><![CDATA[-1]]></wp:meta_value>
		</wp:postmeta>
		<wp:postmeta>
			<wp:meta_key>_g_feedback_shortcode_8faf9f4b6ff1771a8a3b3e76c06e080004bdd7d8</wp:meta_key>
			<wp:meta_value><![CDATA[[contact-field label="Name" type="name" required="1" /][contact-field label="Email" type="email" required="1" /][contact-field label="Website" type="url" /][contact-field label="Comment" type="textarea" required="1" /][contact-field label="Contact number" type="text" /]]]></wp:meta_value>
		</wp:postmeta>
		<wp:postmeta>
			<wp:meta_key>_g_feedback_shortcode_atts_8faf9f4b6ff1771a8a3b3e76c06e080004bdd7d8</wp:meta_key>
			<wp:meta_value><![CDATA[a:6:{s:2:"to";s:24:"anudeeprrrr.kv@gmail.com";s:7:"subject";s:19:"[E-life] Contact us";s:12:"show_subject";s:2:"no";s:6:"widget";i:0;s:2:"id";i:3;s:18:"submit_button_text";s:6:"Submit";}]]></wp:meta_value>
		</wp:postmeta>
	</item>
	<item>
		<title>Welcome to E-life</title>
		<link>https://elifesdmit.wordpress.com/2017/04/13/first-blog-post/</link>
		<pubDate>Thu, 13 Apr 2017 11:31:16 +0000</pubDate>
		<dc:creator>anudeepnrao</dc:creator>
		<guid isPermaLink="false">https://elifesdmit.wordpress.com/?p=4</guid>
		<description></description>
		<content:encoded><![CDATA[E-life is the initiative of SDMIT media club with undertaking from department of Electronics and communications at SDMIT.&nbsp;

<img class="wp-image-7 size-full" src="https://twentysixteendemo.files.wordpress.com/2015/11/post.png" alt="post" width="1000" height="563">]]></content:encoded>
		<excerpt:encoded><![CDATA[This is the post excerpt.]]></excerpt:encoded>
		<wp:post_id>4</wp:post_id>
		<wp:post_date>2017-04-13 11:31:16</wp:post_date>
		<wp:post_date_gmt>2017-04-13 11:31:16</wp:post_date_gmt>
		<wp:comment_status>open</wp:comment_status>
		<wp:ping_status>open</wp:ping_status>
		<wp:post_name>first-blog-post</wp:post_name>
		<wp:status>publish</wp:status>
		<wp:post_parent>0</wp:post_parent>
		<wp:menu_order>0</wp:menu_order>
		<wp:post_type>post</wp:post_type>
		<wp:post_password></wp:post_password>
		<wp:is_sticky>1</wp:is_sticky>
		<category domain="category" nicename="uncategorized"><![CDATA[Uncategorized]]></category>
		<wp:postmeta>
			<wp:meta_key>sharing_disabled</wp:meta_key>
			<wp:meta_value><![CDATA[a:1:{i:0;i:1;}]]></wp:meta_value>
		</wp:postmeta>
		<wp:postmeta>
			<wp:meta_key>switch_like_status</wp:meta_key>
			<wp:meta_value><![CDATA[a:1:{i:0;i:0;}]]></wp:meta_value>
		</wp:postmeta>
		<wp:postmeta>
			<wp:meta_key>_publicize_job_id</wp:meta_key>
			<wp:meta_value><![CDATA[3975449284]]></wp:meta_value>
		</wp:postmeta>
	</item>
	<item>
		<title>Home</title>
		<link>https://elifesdmit.wordpress.com/2017/04/13/home/</link>
		<pubDate>Thu, 13 Apr 2017 11:36:18 +0000</pubDate>
		<dc:creator>anudeepnrao</dc:creator>
		<guid isPermaLink="false">https://elifesdmit.wordpress.com/2017/04/13/home/</guid>
		<description></description>
		<content:encoded><![CDATA[]]></content:encoded>
		<excerpt:encoded><![CDATA[]]></excerpt:encoded>
		<wp:post_id>8</wp:post_id>
		<wp:post_date>2017-04-13 11:36:18</wp:post_date>
		<wp:post_date_gmt>2017-04-13 11:36:18</wp:post_date_gmt>
		<wp:comment_status>closed</wp:comment_status>
		<wp:ping_status>closed</wp:ping_status>
		<wp:post_name>home</wp:post_name>
		<wp:status>publish</wp:status>
		<wp:post_parent>0</wp:post_parent>
		<wp:menu_order>0</wp:menu_order>
		<wp:post_type>nav_menu_item</wp:post_type>
		<wp:post_password></wp:post_password>
		<wp:is_sticky>0</wp:is_sticky>
		<category domain="nav_menu" nicename="primary"><![CDATA[Primary]]></category>
		<wp:postmeta>
			<wp:meta_key>_publicize_pending</wp:meta_key>
			<wp:meta_value><![CDATA[1]]></wp:meta_value>
		</wp:postmeta>
		<wp:postmeta>
			<wp:meta_key>_menu_item_type</wp:meta_key>
			<wp:meta_value><![CDATA[custom]]></wp:meta_value>
		</wp:postmeta>
		<wp:postmeta>
			<wp:meta_key>_menu_item_menu_item_parent</wp:meta_key>
			<wp:meta_value><![CDATA[0]]></wp:meta_value>
		</wp:postmeta>
		<wp:postmeta>
			<wp:meta_key>_menu_item_object_id</wp:meta_key>
			<wp:meta_value><![CDATA[8]]></wp:meta_value>
		</wp:postmeta>
		<wp:postmeta>
			<wp:meta_key>_menu_item_object</wp:meta_key>
			<wp:meta_value><![CDATA[custom]]></wp:meta_value>
		</wp:postmeta>
		<wp:postmeta>
			<wp:meta_key>_menu_item_target</wp:meta_key>
			<wp:meta_value><![CDATA[]]></wp:meta_value>
		</wp:postmeta>
		<wp:postmeta>
			<wp:meta_key>_menu_item_classes</wp:meta_key>
			<wp:meta_value><![CDATA[a:1:{i:0;s:0:"";}]]></wp:meta_value>
		</wp:postmeta>
		<wp:postmeta>
			<wp:meta_key>_menu_item_xfn</wp:meta_key>
			<wp:meta_value><![CDATA[]]></wp:meta_value>
		</wp:postmeta>
		<wp:postmeta>
			<wp:meta_key>_menu_item_url</wp:meta_key>
			<wp:meta_value><![CDATA[/]]></wp:meta_value>
		</wp:postmeta>
	</item>
	<item>
		<title></title>
		<link>https://elifesdmit.wordpress.com/2017/04/13/9/</link>
		<pubDate>Thu, 13 Apr 2017 11:36:18 +0000</pubDate>
		<dc:creator>anudeepnrao</dc:creator>
		<guid isPermaLink="false">https://elifesdmit.wordpress.com/2017/04/13/9/</guid>
		<description></description>
		<content:encoded><![CDATA[ ]]></content:encoded>
		<excerpt:encoded><![CDATA[]]></excerpt:encoded>
		<wp:post_id>9</wp:post_id>
		<wp:post_date>2017-04-13 11:36:18</wp:post_date>
		<wp:post_date_gmt>2017-04-13 11:36:18</wp:post_date_gmt>
		<wp:comment_status>closed</wp:comment_status>
		<wp:ping_status>closed</wp:ping_status>
		<wp:post_name>9</wp:post_name>
		<wp:status>publish</wp:status>
		<wp:post_parent>0</wp:post_parent>
		<wp:menu_order>1</wp:menu_order>
		<wp:post_type>nav_menu_item</wp:post_type>
		<wp:post_password></wp:post_password>
		<wp:is_sticky>0</wp:is_sticky>
		<category domain="nav_menu" nicename="primary"><![CDATA[Primary]]></category>
		<wp:postmeta>
			<wp:meta_key>_publicize_pending</wp:meta_key>
			<wp:meta_value><![CDATA[1]]></wp:meta_value>
		</wp:postmeta>
		<wp:postmeta>
			<wp:meta_key>_menu_item_type</wp:meta_key>
			<wp:meta_value><![CDATA[post_type]]></wp:meta_value>
		</wp:postmeta>
		<wp:postmeta>
			<wp:meta_key>_menu_item_menu_item_parent</wp:meta_key>
			<wp:meta_value><![CDATA[0]]></wp:meta_value>
		</wp:postmeta>
		<wp:postmeta>
			<wp:meta_key>_menu_item_object_id</wp:meta_key>
			<wp:meta_value><![CDATA[2]]></wp:meta_value>
		</wp:postmeta>
		<wp:postmeta>
			<wp:meta_key>_menu_item_object</wp:meta_key>
			<wp:meta_value><![CDATA[page]]></wp:meta_value>
		</wp:postmeta>
		<wp:postmeta>
			<wp:meta_key>_menu_item_target</wp:meta_key>
			<wp:meta_value><![CDATA[]]></wp:meta_value>
		</wp:postmeta>
		<wp:postmeta>
			<wp:meta_key>_menu_item_classes</wp:meta_key>
			<wp:meta_value><![CDATA[a:1:{i:0;s:0:"";}]]></wp:meta_value>
		</wp:postmeta>
		<wp:postmeta>
			<wp:meta_key>_menu_item_xfn</wp:meta_key>
			<wp:meta_value><![CDATA[]]></wp:meta_value>
		</wp:postmeta>
		<wp:postmeta>
			<wp:meta_key>_menu_item_url</wp:meta_key>
			<wp:meta_value><![CDATA[]]></wp:meta_value>
		</wp:postmeta>
	</item>
	<item>
		<title></title>
		<link>https://elifesdmit.wordpress.com/2017/04/13/10/</link>
		<pubDate>Thu, 13 Apr 2017 11:36:18 +0000</pubDate>
		<dc:creator>anudeepnrao</dc:creator>
		<guid isPermaLink="false">https://elifesdmit.wordpress.com/2017/04/13/10/</guid>
		<description></description>
		<content:encoded><![CDATA[ ]]></content:encoded>
		<excerpt:encoded><![CDATA[]]></excerpt:encoded>
		<wp:post_id>10</wp:post_id>
		<wp:post_date>2017-04-13 11:36:18</wp:post_date>
		<wp:post_date_gmt>2017-04-13 11:36:18</wp:post_date_gmt>
		<wp:comment_status>closed</wp:comment_status>
		<wp:ping_status>closed</wp:ping_status>
		<wp:post_name>10</wp:post_name>
		<wp:status>publish</wp:status>
		<wp:post_parent>0</wp:post_parent>
		<wp:menu_order>2</wp:menu_order>
		<wp:post_type>nav_menu_item</wp:post_type>
		<wp:post_password></wp:post_password>
		<wp:is_sticky>0</wp:is_sticky>
		<category domain="nav_menu" nicename="primary"><![CDATA[Primary]]></category>
		<wp:postmeta>
			<wp:meta_key>_publicize_pending</wp:meta_key>
			<wp:meta_value><![CDATA[1]]></wp:meta_value>
		</wp:postmeta>
		<wp:postmeta>
			<wp:meta_key>_menu_item_type</wp:meta_key>
			<wp:meta_value><![CDATA[post_type]]></wp:meta_value>
		</wp:postmeta>
		<wp:postmeta>
			<wp:meta_key>_menu_item_menu_item_parent</wp:meta_key>
			<wp:meta_value><![CDATA[0]]></wp:meta_value>
		</wp:postmeta>
		<wp:postmeta>
			<wp:meta_key>_menu_item_object_id</wp:meta_key>
			<wp:meta_value><![CDATA[3]]></wp:meta_value>
		</wp:postmeta>
		<wp:postmeta>
			<wp:meta_key>_menu_item_object</wp:meta_key>
			<wp:meta_value><![CDATA[page]]></wp:meta_value>
		</wp:postmeta>
		<wp:postmeta>
			<wp:meta_key>_menu_item_target</wp:meta_key>
			<wp:meta_value><![CDATA[]]></wp:meta_value>
		</wp:postmeta>
		<wp:postmeta>
			<wp:meta_key>_menu_item_classes</wp:meta_key>
			<wp:meta_value><![CDATA[a:1:{i:0;s:0:"";}]]></wp:meta_value>
		</wp:postmeta>
		<wp:postmeta>
			<wp:meta_key>_menu_item_xfn</wp:meta_key>
			<wp:meta_value><![CDATA[]]></wp:meta_value>
		</wp:postmeta>
		<wp:postmeta>
			<wp:meta_key>_menu_item_url</wp:meta_key>
			<wp:meta_value><![CDATA[]]></wp:meta_value>
		</wp:postmeta>
	</item>
	<item>
		<title>Twitter</title>
		<link>https://elifesdmit.wordpress.com/2017/04/13/twitter/</link>
		<pubDate>Thu, 13 Apr 2017 11:36:18 +0000</pubDate>
		<dc:creator>anudeepnrao</dc:creator>
		<guid isPermaLink="false">https://elifesdmit.wordpress.com/2017/04/13/twitter/</guid>
		<description></description>
		<content:encoded><![CDATA[]]></content:encoded>
		<excerpt:encoded><![CDATA[]]></excerpt:encoded>
		<wp:post_id>11</wp:post_id>
		<wp:post_date>2017-04-13 11:36:18</wp:post_date>
		<wp:post_date_gmt>2017-04-13 11:36:18</wp:post_date_gmt>
		<wp:comment_status>closed</wp:comment_status>
		<wp:ping_status>closed</wp:ping_status>
		<wp:post_name>twitter</wp:post_name>
		<wp:status>publish</wp:status>
		<wp:post_parent>0</wp:post_parent>
		<wp:menu_order>1</wp:menu_order>
		<wp:post_type>nav_menu_item</wp:post_type>
		<wp:post_password></wp:post_password>
		<wp:is_sticky>0</wp:is_sticky>
		<category domain="nav_menu" nicename="social-links"><![CDATA[Social Links]]></category>
		<wp:postmeta>
			<wp:meta_key>_publicize_pending</wp:meta_key>
			<wp:meta_value><![CDATA[1]]></wp:meta_value>
		</wp:postmeta>
		<wp:postmeta>
			<wp:meta_key>_menu_item_type</wp:meta_key>
			<wp:meta_value><![CDATA[custom]]></wp:meta_value>
		</wp:postmeta>
		<wp:postmeta>
			<wp:meta_key>_menu_item_menu_item_parent</wp:meta_key>
			<wp:meta_value><![CDATA[0]]></wp:meta_value>
		</wp:postmeta>
		<wp:postmeta>
			<wp:meta_key>_menu_item_object_id</wp:meta_key>
			<wp:meta_value><![CDATA[11]]></wp:meta_value>
		</wp:postmeta>
		<wp:postmeta>
			<wp:meta_key>_menu_item_object</wp:meta_key>
			<wp:meta_value><![CDATA[custom]]></wp:meta_value>
		</wp:postmeta>
		<wp:postmeta>
			<wp:meta_key>_menu_item_target</wp:meta_key>
			<wp:meta_value><![CDATA[]]></wp:meta_value>
		</wp:postmeta>
		<wp:postmeta>
			<wp:meta_key>_menu_item_classes</wp:meta_key>
			<wp:meta_value><![CDATA[a:1:{i:0;s:0:"";}]]></wp:meta_value>
		</wp:postmeta>
		<wp:postmeta>
			<wp:meta_key>_menu_item_xfn</wp:meta_key>
			<wp:meta_value><![CDATA[]]></wp:meta_value>
		</wp:postmeta>
		<wp:postmeta>
			<wp:meta_key>_menu_item_url</wp:meta_key>
			<wp:meta_value><![CDATA[https://twitter.com/]]></wp:meta_value>
		</wp:postmeta>
	</item>
	<item>
		<title>Facebook</title>
		<link>https://elifesdmit.wordpress.com/2017/04/13/facebook/</link>
		<pubDate>Thu, 13 Apr 2017 11:36:18 +0000</pubDate>
		<dc:creator>anudeepnrao</dc:creator>
		<guid isPermaLink="false">https://elifesdmit.wordpress.com/2017/04/13/facebook/</guid>
		<description></description>
		<content:encoded><![CDATA[]]></content:encoded>
		<excerpt:encoded><![CDATA[]]></excerpt:encoded>
		<wp:post_id>12</wp:post_id>
		<wp:post_date>2017-04-13 11:36:18</wp:post_date>
		<wp:post_date_gmt>2017-04-13 11:36:18</wp:post_date_gmt>
		<wp:comment_status>closed</wp:comment_status>
		<wp:ping_status>closed</wp:ping_status>
		<wp:post_name>facebook</wp:post_name>
		<wp:status>publish</wp:status>
		<wp:post_parent>0</wp:post_parent>
		<wp:menu_order>2</wp:menu_order>
		<wp:post_type>nav_menu_item</wp:post_type>
		<wp:post_password></wp:post_password>
		<wp:is_sticky>0</wp:is_sticky>
		<category domain="nav_menu" nicename="social-links"><![CDATA[Social Links]]></category>
		<wp:postmeta>
			<wp:meta_key>_publicize_pending</wp:meta_key>
			<wp:meta_value><![CDATA[1]]></wp:meta_value>
		</wp:postmeta>
		<wp:postmeta>
			<wp:meta_key>_menu_item_type</wp:meta_key>
			<wp:meta_value><![CDATA[custom]]></wp:meta_value>
		</wp:postmeta>
		<wp:postmeta>
			<wp:meta_key>_menu_item_menu_item_parent</wp:meta_key>
			<wp:meta_value><![CDATA[0]]></wp:meta_value>
		</wp:postmeta>
		<wp:postmeta>
			<wp:meta_key>_menu_item_object_id</wp:meta_key>
			<wp:meta_value><![CDATA[12]]></wp:meta_value>
		</wp:postmeta>
		<wp:postmeta>
			<wp:meta_key>_menu_item_object</wp:meta_key>
			<wp:meta_value><![CDATA[custom]]></wp:meta_value>
		</wp:postmeta>
		<wp:postmeta>
			<wp:meta_key>_menu_item_target</wp:meta_key>
			<wp:meta_value><![CDATA[]]></wp:meta_value>
		</wp:postmeta>
		<wp:postmeta>
			<wp:meta_key>_menu_item_classes</wp:meta_key>
			<wp:meta_value><![CDATA[a:1:{i:0;s:0:"";}]]></wp:meta_value>
		</wp:postmeta>
		<wp:postmeta>
			<wp:meta_key>_menu_item_xfn</wp:meta_key>
			<wp:meta_value><![CDATA[]]></wp:meta_value>
		</wp:postmeta>
		<wp:postmeta>
			<wp:meta_key>_menu_item_url</wp:meta_key>
			<wp:meta_value><![CDATA[https://www.facebook.com/]]></wp:meta_value>
		</wp:postmeta>
	</item>
	<item>
		<title>Google+</title>
		<link>https://elifesdmit.wordpress.com/2017/04/13/google/</link>
		<pubDate>Thu, 13 Apr 2017 11:36:18 +0000</pubDate>
		<dc:creator>anudeepnrao</dc:creator>
		<guid isPermaLink="false">https://elifesdmit.wordpress.com/2017/04/13/google/</guid>
		<description></description>
		<content:encoded><![CDATA[]]></content:encoded>
		<excerpt:encoded><![CDATA[]]></excerpt:encoded>
		<wp:post_id>13</wp:post_id>
		<wp:post_date>2017-04-13 11:36:18</wp:post_date>
		<wp:post_date_gmt>2017-04-13 11:36:18</wp:post_date_gmt>
		<wp:comment_status>closed</wp:comment_status>
		<wp:ping_status>closed</wp:ping_status>
		<wp:post_name>google</wp:post_name>
		<wp:status>publish</wp:status>
		<wp:post_parent>0</wp:post_parent>
		<wp:menu_order>3</wp:menu_order>
		<wp:post_type>nav_menu_item</wp:post_type>
		<wp:post_password></wp:post_password>
		<wp:is_sticky>0</wp:is_sticky>
		<category domain="nav_menu" nicename="social-links"><![CDATA[Social Links]]></category>
		<wp:postmeta>
			<wp:meta_key>_publicize_pending</wp:meta_key>
			<wp:meta_value><![CDATA[1]]></wp:meta_value>
		</wp:postmeta>
		<wp:postmeta>
			<wp:meta_key>_menu_item_type</wp:meta_key>
			<wp:meta_value><![CDATA[custom]]></wp:meta_value>
		</wp:postmeta>
		<wp:postmeta>
			<wp:meta_key>_menu_item_menu_item_parent</wp:meta_key>
			<wp:meta_value><![CDATA[0]]></wp:meta_value>
		</wp:postmeta>
		<wp:postmeta>
			<wp:meta_key>_menu_item_object_id</wp:meta_key>
			<wp:meta_value><![CDATA[13]]></wp:meta_value>
		</wp:postmeta>
		<wp:postmeta>
			<wp:meta_key>_menu_item_object</wp:meta_key>
			<wp:meta_value><![CDATA[custom]]></wp:meta_value>
		</wp:postmeta>
		<wp:postmeta>
			<wp:meta_key>_menu_item_target</wp:meta_key>
			<wp:meta_value><![CDATA[]]></wp:meta_value>
		</wp:postmeta>
		<wp:postmeta>
			<wp:meta_key>_menu_item_classes</wp:meta_key>
			<wp:meta_value><![CDATA[a:1:{i:0;s:0:"";}]]></wp:meta_value>
		</wp:postmeta>
		<wp:postmeta>
			<wp:meta_key>_menu_item_xfn</wp:meta_key>
			<wp:meta_value><![CDATA[]]></wp:meta_value>
		</wp:postmeta>
		<wp:postmeta>
			<wp:meta_key>_menu_item_url</wp:meta_key>
			<wp:meta_value><![CDATA[http://plus.google.com]]></wp:meta_value>
		</wp:postmeta>
	</item>
	<item>
		<title>GitHub</title>
		<link>https://elifesdmit.wordpress.com/2017/04/13/github/</link>
		<pubDate>Thu, 13 Apr 2017 11:36:18 +0000</pubDate>
		<dc:creator>anudeepnrao</dc:creator>
		<guid isPermaLink="false">https://elifesdmit.wordpress.com/2017/04/13/github/</guid>
		<description></description>
		<content:encoded><![CDATA[]]></content:encoded>
		<excerpt:encoded><![CDATA[]]></excerpt:encoded>
		<wp:post_id>14</wp:post_id>
		<wp:post_date>2017-04-13 11:36:18</wp:post_date>
		<wp:post_date_gmt>2017-04-13 11:36:18</wp:post_date_gmt>
		<wp:comment_status>closed</wp:comment_status>
		<wp:ping_status>closed</wp:ping_status>
		<wp:post_name>github</wp:post_name>
		<wp:status>publish</wp:status>
		<wp:post_parent>0</wp:post_parent>
		<wp:menu_order>4</wp:menu_order>
		<wp:post_type>nav_menu_item</wp:post_type>
		<wp:post_password></wp:post_password>
		<wp:is_sticky>0</wp:is_sticky>
		<category domain="nav_menu" nicename="social-links"><![CDATA[Social Links]]></category>
		<wp:postmeta>
			<wp:meta_key>_publicize_pending</wp:meta_key>
			<wp:meta_value><![CDATA[1]]></wp:meta_value>
		</wp:postmeta>
		<wp:postmeta>
			<wp:meta_key>_menu_item_type</wp:meta_key>
			<wp:meta_value><![CDATA[custom]]></wp:meta_value>
		</wp:postmeta>
		<wp:postmeta>
			<wp:meta_key>_menu_item_menu_item_parent</wp:meta_key>
			<wp:meta_value><![CDATA[0]]></wp:meta_value>
		</wp:postmeta>
		<wp:postmeta>
			<wp:meta_key>_menu_item_object_id</wp:meta_key>
			<wp:meta_value><![CDATA[14]]></wp:meta_value>
		</wp:postmeta>
		<wp:postmeta>
			<wp:meta_key>_menu_item_object</wp:meta_key>
			<wp:meta_value><![CDATA[custom]]></wp:meta_value>
		</wp:postmeta>
		<wp:postmeta>
			<wp:meta_key>_menu_item_target</wp:meta_key>
			<wp:meta_value><![CDATA[]]></wp:meta_value>
		</wp:postmeta>
		<wp:postmeta>
			<wp:meta_key>_menu_item_classes</wp:meta_key>
			<wp:meta_value><![CDATA[a:1:{i:0;s:0:"";}]]></wp:meta_value>
		</wp:postmeta>
		<wp:postmeta>
			<wp:meta_key>_menu_item_xfn</wp:meta_key>
			<wp:meta_value><![CDATA[]]></wp:meta_value>
		</wp:postmeta>
		<wp:postmeta>
			<wp:meta_key>_menu_item_url</wp:meta_key>
			<wp:meta_value><![CDATA[http://github.com]]></wp:meta_value>
		</wp:postmeta>
	</item>
	<item>
		<title>WordPress.com</title>
		<link>https://elifesdmit.wordpress.com/2017/04/13/wordpress-com/</link>
		<pubDate>Thu, 13 Apr 2017 11:36:18 +0000</pubDate>
		<dc:creator>anudeepnrao</dc:creator>
		<guid isPermaLink="false">https://elifesdmit.wordpress.com/2017/04/13/wordpress-com/</guid>
		<description></description>
		<content:encoded><![CDATA[]]></content:encoded>
		<excerpt:encoded><![CDATA[]]></excerpt:encoded>
		<wp:post_id>15</wp:post_id>
		<wp:post_date>2017-04-13 11:36:18</wp:post_date>
		<wp:post_date_gmt>2017-04-13 11:36:18</wp:post_date_gmt>
		<wp:comment_status>closed</wp:comment_status>
		<wp:ping_status>closed</wp:ping_status>
		<wp:post_name>wordpress-com</wp:post_name>
		<wp:status>publish</wp:status>
		<wp:post_parent>0</wp:post_parent>
		<wp:menu_order>5</wp:menu_order>
		<wp:post_type>nav_menu_item</wp:post_type>
		<wp:post_password></wp:post_password>
		<wp:is_sticky>0</wp:is_sticky>
		<category domain="nav_menu" nicename="social-links"><![CDATA[Social Links]]></category>
		<wp:postmeta>
			<wp:meta_key>_publicize_pending</wp:meta_key>
			<wp:meta_value><![CDATA[1]]></wp:meta_value>
		</wp:postmeta>
		<wp:postmeta>
			<wp:meta_key>_menu_item_type</wp:meta_key>
			<wp:meta_value><![CDATA[custom]]></wp:meta_value>
		</wp:postmeta>
		<wp:postmeta>
			<wp:meta_key>_menu_item_menu_item_parent</wp:meta_key>
			<wp:meta_value><![CDATA[0]]></wp:meta_value>
		</wp:postmeta>
		<wp:postmeta>
			<wp:meta_key>_menu_item_object_id</wp:meta_key>
			<wp:meta_value><![CDATA[15]]></wp:meta_value>
		</wp:postmeta>
		<wp:postmeta>
			<wp:meta_key>_menu_item_object</wp:meta_key>
			<wp:meta_value><![CDATA[custom]]></wp:meta_value>
		</wp:postmeta>
		<wp:postmeta>
			<wp:meta_key>_menu_item_target</wp:meta_key>
			<wp:meta_value><![CDATA[]]></wp:meta_value>
		</wp:postmeta>
		<wp:postmeta>
			<wp:meta_key>_menu_item_classes</wp:meta_key>
			<wp:meta_value><![CDATA[a:1:{i:0;s:0:"";}]]></wp:meta_value>
		</wp:postmeta>
		<wp:postmeta>
			<wp:meta_key>_menu_item_xfn</wp:meta_key>
			<wp:meta_value><![CDATA[]]></wp:meta_value>
		</wp:postmeta>
		<wp:postmeta>
			<wp:meta_key>_menu_item_url</wp:meta_key>
			<wp:meta_value><![CDATA[http://wordpress.com]]></wp:meta_value>
		</wp:postmeta>
	</item>
	<item>
		<title>IMG_20170302_201552</title>
		<link>https://elifesdmit.wordpress.com/img_20170302_201552/</link>
		<pubDate>Thu, 13 Apr 2017 13:21:01 +0000</pubDate>
		<dc:creator>anudeepnrao</dc:creator>
		<guid isPermaLink="false">http://elifesdmit.files.wordpress.com/2017/04/img_20170302_201552.jpg</guid>
		<description></description>
		<content:encoded><![CDATA[]]></content:encoded>
		<excerpt:encoded><![CDATA[]]></excerpt:encoded>
		<wp:post_id>17</wp:post_id>
		<wp:post_date>2017-04-13 13:21:01</wp:post_date>
		<wp:post_date_gmt>2017-04-13 13:21:01</wp:post_date_gmt>
		<wp:comment_status>open</wp:comment_status>
		<wp:ping_status>closed</wp:ping_status>
		<wp:post_name>img_20170302_201552</wp:post_name>
		<wp:status>inherit</wp:status>
		<wp:post_parent>0</wp:post_parent>
		<wp:menu_order>0</wp:menu_order>
		<wp:post_type>attachment</wp:post_type>
		<wp:post_password></wp:post_password>
		<wp:is_sticky>0</wp:is_sticky>
		<wp:attachment_url>https://elifesdmit.files.wordpress.com/2017/04/img_20170302_201552.jpg</wp:attachment_url>
		<wp:postmeta>
			<wp:meta_key>_wp_attached_file</wp:meta_key>
			<wp:meta_value><![CDATA[/home/wpcom/public_html/wp-content/blogs.dir/629/127372484/files/2017/04/img_20170302_201552.jpg]]></wp:meta_value>
		</wp:postmeta>
		<wp:postmeta>
			<wp:meta_key>_wp_attachment_metadata</wp:meta_key>
			<wp:meta_value><![CDATA[a:6:{s:5:"width";i:3120;s:6:"height";i:4208;s:4:"file";s:96:"/home/wpcom/public_html/wp-content/blogs.dir/629/127372484/files/2017/04/img_20170302_201552.jpg";s:5:"sizes";a:0:{}s:10:"image_meta";a:12:{s:8:"aperture";s:1:"2";s:6:"credit";s:0:"";s:6:"camera";s:10:"Coolpad A8";s:7:"caption";s:0:"";s:17:"created_timestamp";s:10:"1488485752";s:9:"copyright";s:0:"";s:12:"focal_length";s:3:"3.8";s:3:"iso";s:3:"744";s:13:"shutter_speed";s:4:"0.04";s:5:"title";s:0:"";s:11:"orientation";s:1:"0";s:8:"keywords";a:0:{}}s:8:"filesize";i:1362507;}]]></wp:meta_value>
		</wp:postmeta>
	</item>
	<item>
		<title>anudeepnrao - 2017-04-14 05:21:31</title>
		<link>https://elifesdmit.wordpress.com/?post_type=feedback&#038;p=19</link>
		<pubDate>Fri, 14 Apr 2017 05:21:31 +0000</pubDate>
		<dc:creator></dc:creator>
		<guid isPermaLink="false">https://elifesdmit.wordpress.com/?post_type=feedback&#038;p=19</guid>
		<description></description>
		<content:encoded><![CDATA[Page testing
<!--more-->
AUTHOR: anudeepnrao
AUTHOR EMAIL: anudeeprrrr.kv@gmail.com
AUTHOR URL: https://elifesdmit.wordpress.com
SUBJECT: [E-life] Contact
IP: 49.202.20.134
Array
(
    [1_Name] =&gt; anudeepnrao
    [2_Email] =&gt; anudeeprrrr.kv@gmail.com
    [3_Website] =&gt; https://elifesdmit.wordpress.com
    [4_Comment] =&gt; Page testing
)
]]></content:encoded>
		<excerpt:encoded><![CDATA[]]></excerpt:encoded>
		<wp:post_id>19</wp:post_id>
		<wp:post_date>2017-04-14 05:21:31</wp:post_date>
		<wp:post_date_gmt>2017-04-14 05:21:31</wp:post_date_gmt>
		<wp:comment_status>closed</wp:comment_status>
		<wp:ping_status>closed</wp:ping_status>
		<wp:post_name>4332cb121d92b45c5dff31507b50418c</wp:post_name>
		<wp:status>publish</wp:status>
		<wp:post_parent>3</wp:post_parent>
		<wp:menu_order>0</wp:menu_order>
		<wp:post_type>feedback</wp:post_type>
		<wp:post_password></wp:post_password>
		<wp:is_sticky>0</wp:is_sticky>
		<wp:postmeta>
			<wp:meta_key>_feedback_extra_fields</wp:meta_key>
			<wp:meta_value><![CDATA[a:0:{}]]></wp:meta_value>
		</wp:postmeta>
		<wp:postmeta>
			<wp:meta_key>_feedback_email</wp:meta_key>
			<wp:meta_value><![CDATA[a:2:{s:2:"to";a:1:{i:0;s:24:"anudeeprrrr.kv@gmail.com";}s:7:"message";s:366:"<b>Name:</b> anudeepnrao<br /><br />
<b>Email:</b> anudeeprrrr.kv@gmail.com<br /><br />
<b>Website:</b> https://elifesdmit.wordpress.com<br /><br />
<b>Comment:</b> Page testing<br /><br />

Time: April 14, 2017 at 5:21 am<br />
IP Address: 49.202.20.134<br />
Contact Form URL: https://elifesdmit.wordpress.com/contact/<br />

Sent by a verified WordPress.com user.";}]]></wp:meta_value>
		</wp:postmeta>
	</item>
	<item>
		<title>download</title>
		<link>https://elifesdmit.wordpress.com/about/download/</link>
		<pubDate>Sat, 15 Apr 2017 08:20:06 +0000</pubDate>
		<dc:creator>anudeepnrao</dc:creator>
		<guid isPermaLink="false">http://elifesdmit.files.wordpress.com/2017/04/download.jpg</guid>
		<description></description>
		<content:encoded><![CDATA[]]></content:encoded>
		<excerpt:encoded><![CDATA[]]></excerpt:encoded>
		<wp:post_id>25</wp:post_id>
		<wp:post_date>2017-04-15 08:20:06</wp:post_date>
		<wp:post_date_gmt>2017-04-15 08:20:06</wp:post_date_gmt>
		<wp:comment_status>open</wp:comment_status>
		<wp:ping_status>closed</wp:ping_status>
		<wp:post_name>download</wp:post_name>
		<wp:status>inherit</wp:status>
		<wp:post_parent>2</wp:post_parent>
		<wp:menu_order>0</wp:menu_order>
		<wp:post_type>attachment</wp:post_type>
		<wp:post_password></wp:post_password>
		<wp:is_sticky>0</wp:is_sticky>
		<wp:attachment_url>https://elifesdmit.files.wordpress.com/2017/04/download.jpg</wp:attachment_url>
		<wp:postmeta>
			<wp:meta_key>_wp_attached_file</wp:meta_key>
			<wp:meta_value><![CDATA[/home/wpcom/public_html/wp-content/blogs.dir/629/127372484/files/2017/04/download.jpg]]></wp:meta_value>
		</wp:postmeta>
		<wp:postmeta>
			<wp:meta_key>_wp_attachment_metadata</wp:meta_key>
			<wp:meta_value><![CDATA[a:6:{s:5:"width";i:318;s:6:"height";i:159;s:4:"file";s:85:"/home/wpcom/public_html/wp-content/blogs.dir/629/127372484/files/2017/04/download.jpg";s:5:"sizes";a:0:{}s:10:"image_meta";a:12:{s:8:"aperture";s:1:"0";s:6:"credit";s:0:"";s:6:"camera";s:0:"";s:7:"caption";s:0:"";s:17:"created_timestamp";s:1:"0";s:9:"copyright";s:0:"";s:12:"focal_length";s:1:"0";s:3:"iso";s:1:"0";s:13:"shutter_speed";s:1:"0";s:5:"title";s:0:"";s:11:"orientation";s:1:"0";s:8:"keywords";a:0:{}}s:8:"filesize";i:8702;}]]></wp:meta_value>
		</wp:postmeta>
	</item>
	<item>
		<title>DSC_1565</title>
		<link>https://elifesdmit.wordpress.com/dsc_1565/</link>
		<pubDate>Sat, 02 Sep 2017 06:38:55 +0000</pubDate>
		<dc:creator>anudeepnrao</dc:creator>
		<guid isPermaLink="false">http://elifesdmit.files.wordpress.com/2017/09/dsc_1565.jpg</guid>
		<description></description>
		<content:encoded><![CDATA[]]></content:encoded>
		<excerpt:encoded><![CDATA[]]></excerpt:encoded>
		<wp:post_id>34</wp:post_id>
		<wp:post_date>2017-09-02 06:38:55</wp:post_date>
		<wp:post_date_gmt>2017-09-02 06:38:55</wp:post_date_gmt>
		<wp:comment_status>open</wp:comment_status>
		<wp:ping_status>closed</wp:ping_status>
		<wp:post_name>dsc_1565</wp:post_name>
		<wp:status>inherit</wp:status>
		<wp:post_parent>0</wp:post_parent>
		<wp:menu_order>0</wp:menu_order>
		<wp:post_type>attachment</wp:post_type>
		<wp:post_password></wp:post_password>
		<wp:is_sticky>0</wp:is_sticky>
		<wp:attachment_url>https://elifesdmit.files.wordpress.com/2017/09/dsc_1565.jpg</wp:attachment_url>
		<wp:postmeta>
			<wp:meta_key>_wp_attached_file</wp:meta_key>
			<wp:meta_value><![CDATA[/home/wpcom/public_html/wp-content/blogs.dir/629/127372484/files/2017/09/dsc_1565.jpg]]></wp:meta_value>
		</wp:postmeta>
		<wp:postmeta>
			<wp:meta_key>_wp_attachment_metadata</wp:meta_key>
			<wp:meta_value><![CDATA[a:6:{s:5:"width";i:4912;s:6:"height";i:1080;s:4:"file";s:85:"/home/wpcom/public_html/wp-content/blogs.dir/629/127372484/files/2017/09/dsc_1565.jpg";s:5:"sizes";a:0:{}s:10:"image_meta";a:12:{s:8:"aperture";s:1:"0";s:6:"credit";s:0:"";s:6:"camera";s:5:"E6553";s:7:"caption";s:0:"";s:17:"created_timestamp";s:10:"1494182963";s:9:"copyright";s:0:"";s:12:"focal_length";s:1:"0";s:3:"iso";s:1:"0";s:13:"shutter_speed";s:1:"0";s:5:"title";s:0:"";s:11:"orientation";s:1:"1";s:8:"keywords";a:0:{}}s:8:"filesize";i:220132;}]]></wp:meta_value>
		</wp:postmeta>
	</item>
	<item>
		<title>cropped-dsc_1565.jpg</title>
		<link>https://elifesdmit.wordpress.com/cropped-dsc_1565-jpg/</link>
		<pubDate>Sat, 02 Sep 2017 06:39:29 +0000</pubDate>
		<dc:creator>anudeepnrao</dc:creator>
		<guid isPermaLink="false">https://elifesdmit.files.wordpress.com/2017/09/cropped-dsc_1565.jpg</guid>
		<description></description>
		<content:encoded><![CDATA[]]></content:encoded>
		<excerpt:encoded><![CDATA[]]></excerpt:encoded>
		<wp:post_id>35</wp:post_id>
		<wp:post_date>2017-09-02 06:39:29</wp:post_date>
		<wp:post_date_gmt>2017-09-02 06:39:29</wp:post_date_gmt>
		<wp:comment_status>open</wp:comment_status>
		<wp:ping_status>closed</wp:ping_status>
		<wp:post_name>cropped-dsc_1565-jpg</wp:post_name>
		<wp:status>inherit</wp:status>
		<wp:post_parent>0</wp:post_parent>
		<wp:menu_order>0</wp:menu_order>
		<wp:post_type>attachment</wp:post_type>
		<wp:post_password></wp:post_password>
		<wp:is_sticky>0</wp:is_sticky>
		<wp:attachment_url>https://elifesdmit.files.wordpress.com/2017/09/cropped-dsc_1565.jpg</wp:attachment_url>
		<wp:postmeta>
			<wp:meta_key>_wp_attached_file</wp:meta_key>
			<wp:meta_value><![CDATA[/home/wpcom/public_html/wp-content/blogs.dir/629/127372484/files/2017/09/cropped-dsc_1565.jpg]]></wp:meta_value>
		</wp:postmeta>
		<wp:postmeta>
			<wp:meta_key>_wp_attachment_context</wp:meta_key>
			<wp:meta_value><![CDATA[custom-header]]></wp:meta_value>
		</wp:postmeta>
		<wp:postmeta>
			<wp:meta_key>_wp_attachment_metadata</wp:meta_key>
			<wp:meta_value><![CDATA[a:6:{s:5:"width";i:1440;s:6:"height";i:220;s:4:"file";s:93:"/home/wpcom/public_html/wp-content/blogs.dir/629/127372484/files/2017/09/cropped-dsc_1565.jpg";s:5:"sizes";a:0:{}s:10:"image_meta";a:12:{s:8:"aperture";s:1:"0";s:6:"credit";s:0:"";s:6:"camera";s:0:"";s:7:"caption";s:0:"";s:17:"created_timestamp";s:1:"0";s:9:"copyright";s:0:"";s:12:"focal_length";s:1:"0";s:3:"iso";s:1:"0";s:13:"shutter_speed";s:1:"0";s:5:"title";s:0:"";s:11:"orientation";s:1:"0";s:8:"keywords";a:0:{}}s:8:"filesize";i:36576;}]]></wp:meta_value>
		</wp:postmeta>
		<wp:postmeta>
			<wp:meta_key>_wp_attachment_custom_header_last_used_pub/baskerville-2</wp:meta_key>
			<wp:meta_value><![CDATA[1504334394]]></wp:meta_value>
		</wp:postmeta>
		<wp:postmeta>
			<wp:meta_key>_wp_attachment_is_custom_header</wp:meta_key>
			<wp:meta_value><![CDATA[pub/baskerville-2]]></wp:meta_value>
		</wp:postmeta>
	</item>
	<item>
		<title>Interview series - 1</title>
		<link>https://elifesdmit.wordpress.com/interview-series-1/</link>
		<pubDate>Tue, 12 Sep 2017 09:40:31 +0000</pubDate>
		<dc:creator>anudeepnrao</dc:creator>
		<guid isPermaLink="false">https://elifesdmit.wordpress.com/interview-series-1/</guid>
		<description></description>
		<content:encoded><![CDATA[As a part of interview series, the achievers of SDMIT will be interviewed by E-life on how they did achieve, their inspiration and how they want to inspire the upcoming generations.

Episode 1 - Dr Prithveesh K Bhat - coming soon.]]></content:encoded>
		<excerpt:encoded><![CDATA[]]></excerpt:encoded>
		<wp:post_id>38</wp:post_id>
		<wp:post_date>2017-09-12 09:40:31</wp:post_date>
		<wp:post_date_gmt>2017-09-12 09:40:31</wp:post_date_gmt>
		<wp:comment_status>closed</wp:comment_status>
		<wp:ping_status>closed</wp:ping_status>
		<wp:post_name>interview-series-1</wp:post_name>
		<wp:status>publish</wp:status>
		<wp:post_parent>0</wp:post_parent>
		<wp:menu_order>0</wp:menu_order>
		<wp:post_type>page</wp:post_type>
		<wp:post_password></wp:post_password>
		<wp:is_sticky>0</wp:is_sticky>
		<wp:postmeta>
			<wp:meta_key>_publicize_pending</wp:meta_key>
			<wp:meta_value><![CDATA[1]]></wp:meta_value>
		</wp:postmeta>
		<wp:postmeta>
			<wp:meta_key>_rest_api_published</wp:meta_key>
			<wp:meta_value><![CDATA[1]]></wp:meta_value>
		</wp:postmeta>
		<wp:postmeta>
			<wp:meta_key>_rest_api_client_id</wp:meta_key>
			<wp:meta_value><![CDATA[2697]]></wp:meta_value>
		</wp:postmeta>
	</item>
	<item>
		<title>T1 - 2017-09-12 10:03:12</title>
		<link>https://elifesdmit.wordpress.com/?post_type=feedback&#038;p=40</link>
		<pubDate>Tue, 12 Sep 2017 10:03:12 +0000</pubDate>
		<dc:creator></dc:creator>
		<guid isPermaLink="false">https://elifesdmit.wordpress.com/?post_type=feedback&#038;p=40</guid>
		<description></description>
		<content:encoded><![CDATA[Page testing
<!--more-->
AUTHOR: T1
AUTHOR EMAIL: anrlabs007@gmail.com
AUTHOR URL: 
SUBJECT: [E-life] Contact us
IP: 157.49.9.57
Array
(
    [1_Name] =&gt; T1
    [2_Email] =&gt; anrlabs007@gmail.com
    [3_Website] =&gt; 
    [4_Comment] =&gt; Page testing 
    [5_Contact number] =&gt; 
)
]]></content:encoded>
		<excerpt:encoded><![CDATA[]]></excerpt:encoded>
		<wp:post_id>40</wp:post_id>
		<wp:post_date>2017-09-12 10:03:12</wp:post_date>
		<wp:post_date_gmt>2017-09-12 10:03:12</wp:post_date_gmt>
		<wp:comment_status>closed</wp:comment_status>
		<wp:ping_status>closed</wp:ping_status>
		<wp:post_name>d85faaafde948d1bdf33dc6a118a154e</wp:post_name>
		<wp:status>publish</wp:status>
		<wp:post_parent>3</wp:post_parent>
		<wp:menu_order>0</wp:menu_order>
		<wp:post_type>feedback</wp:post_type>
		<wp:post_password></wp:post_password>
		<wp:is_sticky>0</wp:is_sticky>
		<wp:postmeta>
			<wp:meta_key>_feedback_extra_fields</wp:meta_key>
			<wp:meta_value><![CDATA[a:1:{s:16:"6_Contact number";s:0:"";}]]></wp:meta_value>
		</wp:postmeta>
		<wp:postmeta>
			<wp:meta_key>_feedback_email</wp:meta_key>
			<wp:meta_value><![CDATA[a:2:{s:2:"to";a:1:{i:0;s:24:"anudeeprrrr.kv@gmail.com";}s:7:"message";s:364:"<b>Name:</b> T1<br /><br />
<b>Email:</b> anrlabs007@gmail.com<br /><br />
<b>Website:</b> <br /><br />
<b>Comment:</b> Page testing<br /><br />
<b>Contact number:</b> <br /><br />

Time: September 12, 2017 at 10:03 am<br />
IP Address: 157.49.9.57<br />
Contact Form URL: https://elifesdmit.wordpress.com/contact/<br />
Sent by an unverified visitor to your site.";}]]></wp:meta_value>
		</wp:postmeta>
	</item>
	<item>
		<title>Mr and Ms SDMIT 2018</title>
		<link>https://elifesdmit.wordpress.com/</link>
		<pubDate>Thu, 05 Apr 2018 17:23:10 +0000</pubDate>
		<dc:creator>anudeepnrao</dc:creator>
		<guid isPermaLink="false">https://elifesdmit.wordpress.com/?page_id=47</guid>
		<description></description>
		<content:encoded><![CDATA[<a href="https://elifesdmit.wordpress.com/mr-and-ms-sdmit-2018/feedback/">Feedback</a> &lt;-----Submit your feedback here]]></content:encoded>
		<excerpt:encoded><![CDATA[]]></excerpt:encoded>
		<wp:post_id>47</wp:post_id>
		<wp:post_date>2018-04-05 17:23:10</wp:post_date>
		<wp:post_date_gmt>2018-04-05 17:23:10</wp:post_date_gmt>
		<wp:comment_status>closed</wp:comment_status>
		<wp:ping_status>closed</wp:ping_status>
		<wp:post_name>mr-and-ms-sdmit-2018</wp:post_name>
		<wp:status>publish</wp:status>
		<wp:post_parent>0</wp:post_parent>
		<wp:menu_order>0</wp:menu_order>
		<wp:post_type>page</wp:post_type>
		<wp:post_password></wp:post_password>
		<wp:is_sticky>0</wp:is_sticky>
		<wp:postmeta>
			<wp:meta_key>_wp_page_template</wp:meta_key>
			<wp:meta_value><![CDATA[]]></wp:meta_value>
		</wp:postmeta>
		<wp:postmeta>
			<wp:meta_key>_publicize_pending</wp:meta_key>
			<wp:meta_value><![CDATA[1]]></wp:meta_value>
		</wp:postmeta>
		<wp:postmeta>
			<wp:meta_key>_rest_api_published</wp:meta_key>
			<wp:meta_value><![CDATA[1]]></wp:meta_value>
		</wp:postmeta>
		<wp:postmeta>
			<wp:meta_key>_rest_api_client_id</wp:meta_key>
			<wp:meta_value><![CDATA[-1]]></wp:meta_value>
		</wp:postmeta>
	</item>
	<item>
		<title>Feedback</title>
		<link>https://elifesdmit.wordpress.com/mr-and-ms-sdmit-2018/feedback/</link>
		<pubDate>Thu, 05 Apr 2018 17:25:22 +0000</pubDate>
		<dc:creator>anudeepnrao</dc:creator>
		<guid isPermaLink="false">https://elifesdmit.wordpress.com/?page_id=49</guid>
		<description></description>
		<content:encoded><![CDATA[<p style="text-align:center;">[polldaddy poll=9976059]</p>
<p style="text-align:center;">[polldaddy poll=9976061]</p>
<p style="text-align:center;">[polldaddy poll=9976063]</p>
<p style="text-align:center;">[polldaddy poll=9976068]</p>
<p style="text-align:center;">[contact-form][contact-field label='Comment or Suggestions' type='textarea' required='0'/][/contact-form]</p>]]></content:encoded>
		<excerpt:encoded><![CDATA[]]></excerpt:encoded>
		<wp:post_id>49</wp:post_id>
		<wp:post_date>2018-04-05 17:25:22</wp:post_date>
		<wp:post_date_gmt>2018-04-05 17:25:22</wp:post_date_gmt>
		<wp:comment_status>closed</wp:comment_status>
		<wp:ping_status>closed</wp:ping_status>
		<wp:post_name>feedback</wp:post_name>
		<wp:status>publish</wp:status>
		<wp:post_parent>47</wp:post_parent>
		<wp:menu_order>0</wp:menu_order>
		<wp:post_type>page</wp:post_type>
		<wp:post_password></wp:post_password>
		<wp:is_sticky>0</wp:is_sticky>
		<wp:postmeta>
			<wp:meta_key>_wp_page_template</wp:meta_key>
			<wp:meta_value><![CDATA[default]]></wp:meta_value>
		</wp:postmeta>
		<wp:postmeta>
			<wp:meta_key>_publicize_pending</wp:meta_key>
			<wp:meta_value><![CDATA[1]]></wp:meta_value>
		</wp:postmeta>
		<wp:postmeta>
			<wp:meta_key>_rest_api_published</wp:meta_key>
			<wp:meta_value><![CDATA[1]]></wp:meta_value>
		</wp:postmeta>
		<wp:postmeta>
			<wp:meta_key>_rest_api_client_id</wp:meta_key>
			<wp:meta_value><![CDATA[-1]]></wp:meta_value>
		</wp:postmeta>
		<wp:postmeta>
			<wp:meta_key>_g_feedback_shortcode</wp:meta_key>
			<wp:meta_value><![CDATA[[contact-field label='Comment or Suggestions' type='textarea' required='0'/]]]></wp:meta_value>
		</wp:postmeta>
		<wp:postmeta>
			<wp:meta_key>_edit_last</wp:meta_key>
			<wp:meta_value><![CDATA[112257968]]></wp:meta_value>
		</wp:postmeta>
		<wp:postmeta>
			<wp:meta_key>geo_public</wp:meta_key>
			<wp:meta_value><![CDATA[0]]></wp:meta_value>
		</wp:postmeta>
		<wp:postmeta>
			<wp:meta_key>_g_feedback_shortcode_atts_79f95fef7f25c7ef437dff1f32aa7b10c0fe58da</wp:meta_key>
			<wp:meta_value><![CDATA[a:6:{s:2:"to";s:24:"anudeeprrrr.kv@gmail.com";s:7:"subject";s:17:"[E-life] Feedback";s:12:"show_subject";s:2:"no";s:6:"widget";i:0;s:2:"id";i:49;s:18:"submit_button_text";s:6:"Submit";}]]></wp:meta_value>
		</wp:postmeta>
		<wp:postmeta>
			<wp:meta_key>_g_feedback_shortcode_79f95fef7f25c7ef437dff1f32aa7b10c0fe58da</wp:meta_key>
			<wp:meta_value><![CDATA[[contact-field label='Comment or Suggestions' type='textarea' required='0'/]]]></wp:meta_value>
		</wp:postmeta>
	</item>
	<item>
		<title>- 2018-04-06 15:54:02</title>
		<link>https://elifesdmit.wordpress.com/?post_type=feedback&#038;p=60</link>
		<pubDate>Fri, 06 Apr 2018 10:24:02 +0000</pubDate>
		<dc:creator></dc:creator>
		<guid isPermaLink="false">https://elifesdmit.wordpress.com/?post_type=feedback&#038;p=60</guid>
		<description></description>
		<content:encoded><![CDATA[give some time to prepare
<!--more-->
AUTHOR: 
AUTHOR EMAIL: 
AUTHOR URL: 
SUBJECT: [E-life] Feedback
IP: 157.49.61.44
Array
(
    [1_Comment or Suggestions] =&gt; give some time to prepare
)
]]></content:encoded>
		<excerpt:encoded><![CDATA[]]></excerpt:encoded>
		<wp:post_id>60</wp:post_id>
		<wp:post_date>2018-04-06 15:54:02</wp:post_date>
		<wp:post_date_gmt>2018-04-06 10:24:02</wp:post_date_gmt>
		<wp:comment_status>closed</wp:comment_status>
		<wp:ping_status>closed</wp:ping_status>
		<wp:post_name>aaf8eaa3d9b911cadf8341b1600c4bed</wp:post_name>
		<wp:status>publish</wp:status>
		<wp:post_parent>49</wp:post_parent>
		<wp:menu_order>0</wp:menu_order>
		<wp:post_type>feedback</wp:post_type>
		<wp:post_password></wp:post_password>
		<wp:is_sticky>0</wp:is_sticky>
		<wp:postmeta>
			<wp:meta_key>_feedback_extra_fields</wp:meta_key>
			<wp:meta_value><![CDATA[a:0:{}]]></wp:meta_value>
		</wp:postmeta>
		<wp:postmeta>
			<wp:meta_key>_feedback_email</wp:meta_key>
			<wp:meta_value><![CDATA[a:2:{s:2:"to";a:1:{i:0;s:24:"anudeeprrrr.kv@gmail.com";}s:7:"message";s:265:"<b>Comment or Suggestions:</b> give some time to prepare<br /><br />

Time: April 6, 2018 at 3:54 pm<br />
IP Address: 157.49.61.44<br />
Contact Form URL: https://elifesdmit.wordpress.com/mr-and-ms-sdmit-2018/feedback/<br />

Sent by a verified WordPress.com user.";}]]></wp:meta_value>
		</wp:postmeta>
	</item>
	<item>
		<title>- 2018-04-06 15:59:33</title>
		<link>https://elifesdmit.wordpress.com/?post_type=feedback&#038;p=61</link>
		<pubDate>Fri, 06 Apr 2018 10:29:33 +0000</pubDate>
		<dc:creator>anudeepnrao</dc:creator>
		<guid isPermaLink="false">https://elifesdmit.wordpress.com/?post_type=feedback&#038;p=61</guid>
		<description></description>
		<content:encoded><![CDATA[We needed more time to prepare.

<!--more-->
AUTHOR:
AUTHOR EMAIL:
AUTHOR URL:
SUBJECT: [E-life] Feedback
IP: 157.49.61.44
Array
(
[1_Comment or Suggestions] =&gt; We needed more time to prepare.
)]]></content:encoded>
		<excerpt:encoded><![CDATA[]]></excerpt:encoded>
		<wp:post_id>61</wp:post_id>
		<wp:post_date>2018-04-06 15:59:33</wp:post_date>
		<wp:post_date_gmt>2018-04-06 10:29:33</wp:post_date_gmt>
		<wp:comment_status>closed</wp:comment_status>
		<wp:ping_status>closed</wp:ping_status>
		<wp:post_name>a9ebd9d41e062e1ec1564b0694cabc65</wp:post_name>
		<wp:status>publish</wp:status>
		<wp:post_parent>49</wp:post_parent>
		<wp:menu_order>0</wp:menu_order>
		<wp:post_type>feedback</wp:post_type>
		<wp:post_password></wp:post_password>
		<wp:is_sticky>0</wp:is_sticky>
		<wp:postmeta>
			<wp:meta_key>_feedback_extra_fields</wp:meta_key>
			<wp:meta_value><![CDATA[a:0:{}]]></wp:meta_value>
		</wp:postmeta>
		<wp:postmeta>
			<wp:meta_key>_feedback_email</wp:meta_key>
			<wp:meta_value><![CDATA[a:2:{s:2:"to";a:1:{i:0;s:24:"anudeeprrrr.kv@gmail.com";}s:7:"message";s:240:"<b>Comment or Suggestions:</b> <br /><br />

Time: April 6, 2018 at 3:59 pm<br />
IP Address: 157.49.61.44<br />
Contact Form URL: https://elifesdmit.wordpress.com/mr-and-ms-sdmit-2018/feedback/<br />

Sent by a verified WordPress.com user.";}]]></wp:meta_value>
		</wp:postmeta>
		<wp:postmeta>
			<wp:meta_key>_edit_last</wp:meta_key>
			<wp:meta_value><![CDATA[112257968]]></wp:meta_value>
		</wp:postmeta>
	</item>
	<item>
		<title>- 2018-04-06 16:04:40</title>
		<link>https://elifesdmit.wordpress.com/?post_type=feedback&#038;p=62</link>
		<pubDate>Fri, 06 Apr 2018 10:34:40 +0000</pubDate>
		<dc:creator>anudeepnrao</dc:creator>
		<guid isPermaLink="false">https://elifesdmit.wordpress.com/?post_type=feedback&#038;p=62</guid>
		<description></description>
		<content:encoded><![CDATA[judges were biased

<!--more-->
AUTHOR:
AUTHOR EMAIL:
AUTHOR URL:
SUBJECT: [E-life] Feedback
IP: 157.49.102.128
Array
(
[1_Comment or Suggestions] =&gt; judges were biased
)]]></content:encoded>
		<excerpt:encoded><![CDATA[]]></excerpt:encoded>
		<wp:post_id>62</wp:post_id>
		<wp:post_date>2018-04-06 16:04:40</wp:post_date>
		<wp:post_date_gmt>2018-04-06 10:34:40</wp:post_date_gmt>
		<wp:comment_status>closed</wp:comment_status>
		<wp:ping_status>closed</wp:ping_status>
		<wp:post_name>c4bf08dff68ca16d94004d19920050c7</wp:post_name>
		<wp:status>publish</wp:status>
		<wp:post_parent>49</wp:post_parent>
		<wp:menu_order>0</wp:menu_order>
		<wp:post_type>feedback</wp:post_type>
		<wp:post_password></wp:post_password>
		<wp:is_sticky>0</wp:is_sticky>
		<wp:postmeta>
			<wp:meta_key>_feedback_extra_fields</wp:meta_key>
			<wp:meta_value><![CDATA[a:0:{}]]></wp:meta_value>
		</wp:postmeta>
		<wp:postmeta>
			<wp:meta_key>_feedback_email</wp:meta_key>
			<wp:meta_value><![CDATA[a:2:{s:2:"to";a:1:{i:0;s:24:"anudeeprrrr.kv@gmail.com";}s:7:"message";s:242:"<b>Comment or Suggestions:</b> <br /><br />

Time: April 6, 2018 at 4:04 pm<br />
IP Address: 157.49.102.128<br />
Contact Form URL: https://elifesdmit.wordpress.com/mr-and-ms-sdmit-2018/feedback/<br />

Sent by a verified WordPress.com user.";}]]></wp:meta_value>
		</wp:postmeta>
		<wp:postmeta>
			<wp:meta_key>_edit_last</wp:meta_key>
			<wp:meta_value><![CDATA[112257968]]></wp:meta_value>
		</wp:postmeta>
	</item>
	<item>
		<title>- 2018-04-06 16:10:02</title>
		<link>https://elifesdmit.wordpress.com/?post_type=feedback&#038;p=63</link>
		<pubDate>Fri, 06 Apr 2018 10:40:02 +0000</pubDate>
		<dc:creator></dc:creator>
		<guid isPermaLink="false">https://elifesdmit.wordpress.com/?post_type=feedback&#038;p=63</guid>
		<description></description>
		<content:encoded><![CDATA[well platform to give our best
<!--more-->
AUTHOR: 
AUTHOR EMAIL: 
AUTHOR URL: 
SUBJECT: [E-life] Feedback
IP: 157.49.102.128
Array
(
    [1_Comment or Suggestions] =&gt; well platform to give our best
)
]]></content:encoded>
		<excerpt:encoded><![CDATA[]]></excerpt:encoded>
		<wp:post_id>63</wp:post_id>
		<wp:post_date>2018-04-06 16:10:02</wp:post_date>
		<wp:post_date_gmt>2018-04-06 10:40:02</wp:post_date_gmt>
		<wp:comment_status>closed</wp:comment_status>
		<wp:ping_status>closed</wp:ping_status>
		<wp:post_name>7aab2e5c7e5ed365e8e4d9ae7cc520de</wp:post_name>
		<wp:status>publish</wp:status>
		<wp:post_parent>49</wp:post_parent>
		<wp:menu_order>0</wp:menu_order>
		<wp:post_type>feedback</wp:post_type>
		<wp:post_password></wp:post_password>
		<wp:is_sticky>0</wp:is_sticky>
		<wp:postmeta>
			<wp:meta_key>_feedback_extra_fields</wp:meta_key>
			<wp:meta_value><![CDATA[a:0:{}]]></wp:meta_value>
		</wp:postmeta>
		<wp:postmeta>
			<wp:meta_key>_feedback_email</wp:meta_key>
			<wp:meta_value><![CDATA[a:2:{s:2:"to";a:1:{i:0;s:24:"anudeeprrrr.kv@gmail.com";}s:7:"message";s:272:"<b>Comment or Suggestions:</b> well platform to give our best<br /><br />

Time: April 6, 2018 at 4:10 pm<br />
IP Address: 157.49.102.128<br />
Contact Form URL: https://elifesdmit.wordpress.com/mr-and-ms-sdmit-2018/feedback/<br />

Sent by a verified WordPress.com user.";}]]></wp:meta_value>
		</wp:postmeta>
	</item>
	<item>
		<title>- 2018-04-06 16:12:05</title>
		<link>https://elifesdmit.wordpress.com/?post_type=feedback&#038;p=64</link>
		<pubDate>Fri, 06 Apr 2018 10:42:05 +0000</pubDate>
		<dc:creator>anudeepnrao</dc:creator>
		<guid isPermaLink="false">https://elifesdmit.wordpress.com/?post_type=feedback&#038;p=64</guid>
		<description></description>
		<content:encoded><![CDATA[im  fashion.
<!--more-->
AUTHOR:
AUTHOR EMAIL:
AUTHOR URL:
SUBJECT: [E-life] Feedback
IP: 157.49.102.128
Array
(
[1_Comment or Suggestions] =&gt;  im  fashion.
)]]></content:encoded>
		<excerpt:encoded><![CDATA[]]></excerpt:encoded>
		<wp:post_id>64</wp:post_id>
		<wp:post_date>2018-04-06 16:12:05</wp:post_date>
		<wp:post_date_gmt>2018-04-06 10:42:05</wp:post_date_gmt>
		<wp:comment_status>closed</wp:comment_status>
		<wp:ping_status>closed</wp:ping_status>
		<wp:post_name>bab858f6990c997de5e12a23c82fd182</wp:post_name>
		<wp:status>publish</wp:status>
		<wp:post_parent>49</wp:post_parent>
		<wp:menu_order>0</wp:menu_order>
		<wp:post_type>feedback</wp:post_type>
		<wp:post_password></wp:post_password>
		<wp:is_sticky>0</wp:is_sticky>
		<wp:postmeta>
			<wp:meta_key>_feedback_extra_fields</wp:meta_key>
			<wp:meta_value><![CDATA[a:0:{}]]></wp:meta_value>
		</wp:postmeta>
		<wp:postmeta>
			<wp:meta_key>_feedback_email</wp:meta_key>
			<wp:meta_value><![CDATA[a:2:{s:2:"to";a:1:{i:0;s:24:"anudeeprrrr.kv@gmail.com";}s:7:"message";s:276:"<b>Comment or Suggestions:</b> now im telling ramp is my fashion.<br /><br />

Time: April 6, 2018 at 4:12 pm<br />
IP Address: 157.49.102.128<br />
Contact Form URL: https://elifesdmit.wordpress.com/mr-and-ms-sdmit-2018/feedback/<br />

Sent by a verified WordPress.com user.";}]]></wp:meta_value>
		</wp:postmeta>
		<wp:postmeta>
			<wp:meta_key>_edit_last</wp:meta_key>
			<wp:meta_value><![CDATA[112257968]]></wp:meta_value>
		</wp:postmeta>
	</item>
	<item>
		<title>- 2018-04-06 16:12:08</title>
		<link>https://elifesdmit.wordpress.com/?post_type=feedback&#038;p=65</link>
		<pubDate>Fri, 06 Apr 2018 10:42:08 +0000</pubDate>
		<dc:creator></dc:creator>
		<guid isPermaLink="false">https://elifesdmit.wordpress.com/?post_type=feedback&#038;p=65</guid>
		<description></description>
		<content:encoded><![CDATA[now im telling ramp is my fashion.
<!--more-->
AUTHOR: 
AUTHOR EMAIL: 
AUTHOR URL: 
SUBJECT: [E-life] Feedback
IP: 157.49.102.128
Array
(
    [1_Comment or Suggestions] =&gt; now im telling ramp is my fashion.
)
]]></content:encoded>
		<excerpt:encoded><![CDATA[]]></excerpt:encoded>
		<wp:post_id>65</wp:post_id>
		<wp:post_date>2018-04-06 16:12:08</wp:post_date>
		<wp:post_date_gmt>2018-04-06 10:42:08</wp:post_date_gmt>
		<wp:comment_status>closed</wp:comment_status>
		<wp:ping_status>closed</wp:ping_status>
		<wp:post_name>6a2233e239dae48df8f525fed1c95fc6</wp:post_name>
		<wp:status>publish</wp:status>
		<wp:post_parent>49</wp:post_parent>
		<wp:menu_order>0</wp:menu_order>
		<wp:post_type>feedback</wp:post_type>
		<wp:post_password></wp:post_password>
		<wp:is_sticky>0</wp:is_sticky>
		<wp:postmeta>
			<wp:meta_key>_feedback_extra_fields</wp:meta_key>
			<wp:meta_value><![CDATA[a:0:{}]]></wp:meta_value>
		</wp:postmeta>
		<wp:postmeta>
			<wp:meta_key>_feedback_email</wp:meta_key>
			<wp:meta_value><![CDATA[a:2:{s:2:"to";a:1:{i:0;s:24:"anudeeprrrr.kv@gmail.com";}s:7:"message";s:276:"<b>Comment or Suggestions:</b> now im telling ramp is my fashion.<br /><br />

Time: April 6, 2018 at 4:12 pm<br />
IP Address: 157.49.102.128<br />
Contact Form URL: https://elifesdmit.wordpress.com/mr-and-ms-sdmit-2018/feedback/<br />

Sent by a verified WordPress.com user.";}]]></wp:meta_value>
		</wp:postmeta>
	</item>
	<item>
		<title>- 2018-04-06 16:12:09</title>
		<link>https://elifesdmit.wordpress.com/?post_type=feedback&#038;p=66</link>
		<pubDate>Fri, 06 Apr 2018 10:42:09 +0000</pubDate>
		<dc:creator></dc:creator>
		<guid isPermaLink="false">https://elifesdmit.wordpress.com/?post_type=feedback&#038;p=66</guid>
		<description></description>
		<content:encoded><![CDATA[now im telling ramp is my fashion.
<!--more-->
AUTHOR: 
AUTHOR EMAIL: 
AUTHOR URL: 
SUBJECT: [E-life] Feedback
IP: 157.49.102.128
Array
(
    [1_Comment or Suggestions] =&gt; now im telling ramp is my fashion.
)
]]></content:encoded>
		<excerpt:encoded><![CDATA[]]></excerpt:encoded>
		<wp:post_id>66</wp:post_id>
		<wp:post_date>2018-04-06 16:12:09</wp:post_date>
		<wp:post_date_gmt>2018-04-06 10:42:09</wp:post_date_gmt>
		<wp:comment_status>closed</wp:comment_status>
		<wp:ping_status>closed</wp:ping_status>
		<wp:post_name>9cdcfa6d5f164f08d8e3de8751d2c96d</wp:post_name>
		<wp:status>spam</wp:status>
		<wp:post_parent>49</wp:post_parent>
		<wp:menu_order>0</wp:menu_order>
		<wp:post_type>feedback</wp:post_type>
		<wp:post_password></wp:post_password>
		<wp:is_sticky>0</wp:is_sticky>
		<wp:postmeta>
			<wp:meta_key>_feedback_extra_fields</wp:meta_key>
			<wp:meta_value><![CDATA[a:0:{}]]></wp:meta_value>
		</wp:postmeta>
		<wp:postmeta>
			<wp:meta_key>_feedback_email</wp:meta_key>
			<wp:meta_value><![CDATA[a:2:{s:2:"to";a:1:{i:0;s:24:"anudeeprrrr.kv@gmail.com";}s:7:"message";s:276:"<b>Comment or Suggestions:</b> now im telling ramp is my fashion.<br /><br />

Time: April 6, 2018 at 4:12 pm<br />
IP Address: 157.49.102.128<br />
Contact Form URL: https://elifesdmit.wordpress.com/mr-and-ms-sdmit-2018/feedback/<br />

Sent by a verified WordPress.com user.";}]]></wp:meta_value>
		</wp:postmeta>
	</item>
</channel>
</rss>
